{
    "name": "MeshGeometry.1",
    "metadata": {
        "version": 3,
        "type": "Geometry",
        "generator": "io_three",
        "normals": 130,
        "uvs": 0,
        "faces": 258,
        "vertices": 130
    },
    "normals": [-0.877804,0.416486,-0.236579,-0.987091,0.133946,0.08771,-0.77691,-0.61919,-0.113865,-0.682516,0.709128,0.176733,-0.582202,0.80282,0.12833,-0.236457,0.940306,0.244667,-0.96527,0.010987,0.260933,-0.46794,0.30311,0.830134,0.06061,-0.928068,0.367382,-0.130802,-0.983245,-0.126926,-0.519578,-0.84405,-0.132603,0.106388,-0.986633,-0.123234,-0.332316,-0.932401,-0.142003,-0.112186,-0.462813,0.879299,0.340495,-0.931791,0.125645,-0.833155,-0.503067,-0.229621,-0.603595,0.224647,0.764946,-0.708426,0.647267,0.28132,-0.835078,0.531205,-0.142857,-0.948637,-0.314005,-0.038453,-0.448378,-0.876949,-0.172796,-0.19834,-0.977996,-0.064394,-0.317667,-0.933836,-0.164342,-0.821589,-0.481002,-0.305918,-0.834193,-0.47792,-0.275124,-0.717215,-0.602588,-0.349925,-0.524338,-0.292856,-0.799524,-0.241279,0.949736,0.199347,0.094058,-0.992401,-0.079012,0.19541,-0.976714,-0.088504,-0.697256,0.552843,0.456221,-0.590503,0.745903,0.308023,0.081362,-0.306803,0.948271,-0.890042,0.103916,0.443831,-0.552446,-0.6451,0.527818,0.030305,0.802026,0.596484,0.009247,0.94583,0.324473,-0.212897,0.813166,0.541673,-0.693655,0.626209,0.355876,-0.389599,0.875912,0.284463,-0.385937,0.899136,0.206275,0.324137,-0.934599,-0.146397,0.152562,-0.984161,-0.090213,0.031861,-0.999329,-0.017548,0.051668,-0.253792,0.96585,0.059816,-0.348766,-0.93527,-0.201239,-0.925108,-0.321909,-0.398389,-0.35786,-0.844508,0.064699,-0.359355,-0.930937,-0.287423,0.608356,-0.739769,0.002747,0.839869,-0.542741,-0.005432,-0.289773,-0.95706,0.16068,0.906919,-0.389386,0.20658,0.518754,-0.829554,0.087863,0.985839,0.142613,-0.884365,0.466536,0.014832,-0.9447,0.314707,0.092044,-0.440352,0.449904,-0.77694,-0.58861,-0.596179,-0.545946,-0.92938,0.345927,0.128666,-0.639454,0.448012,0.624775,-0.150975,0.9841,0.093356,-0.428785,-0.185369,-0.884152,-0.272225,0.483779,0.831721,-0.490616,-0.425886,-0.760186,-0.012513,-0.341319,-0.939848,-0.35081,-0.254097,-0.901273,-0.152104,0.612262,0.775872,-0.137455,0.979003,0.150334,0.221747,0.95233,0.209418,-0.062105,0.551042,0.832148,0.874691,0.427107,-0.229041,0.563829,-0.0983,-0.820002,0.756035,-0.645375,-0.108982,0.755577,0.635914,0.157079,0.544969,0.831538,0.107181,0.726951,0.629475,0.2743,-0.315256,-0.718101,0.62038,0.42082,-0.903684,-0.078951,-0.176427,-0.983673,-0.034608,0.109409,-0.444777,0.888913,0.479446,0.30546,0.822657,-0.318247,-0.946959,0.044282,0.862667,-0.467055,-0.194006,0.746635,0.544237,0.382458,0.970031,-0.188025,0.153813,0.710349,0.549058,0.440291,0.237556,0.852626,0.465316,0.872768,0.197821,0.446181,0.600909,0.226203,0.766594,0.825251,0.552293,-0.117893,0.190832,-0.243751,-0.950865,0.04297,-0.701224,-0.711631,0.582842,-0.791009,-0.185858,0.299631,-0.943907,-0.138585,0.897153,-0.355998,-0.261391,0.964812,0.247505,0.088626,0.98648,0.159185,0.038697,0.994934,-0.054201,0.084506,0.727226,0.651265,0.216742,0.679159,-0.656453,0.328257,-0.047823,-0.328898,0.943114,0.230262,0.913907,0.334239,0.353221,0.916257,0.188788,0.246467,0.939421,0.238166,0.346141,0.574541,-0.74163,0.359996,-0.209113,-0.909207,0.92938,0.345927,0.128697,0.639699,-0.562365,0.523881,0.564104,-0.620441,-0.544816,0.499252,0.316996,0.80636,0.29017,0.441939,0.848781,-0.319742,0.881649,0.347026,-0.185736,0.505692,-0.842463,-0.215827,0.905423,-0.36549,0.164495,0.982421,0.087985,0.389416,-0.043855,-0.920011,0.811182,0.577227,0.093448,0.440352,0.449904,-0.77694,0.796045,-0.353679,-0.491104,0.670827,-0.703604,-0.23426,0.337565,0.931364,0.136204,0.791498,-0.480605,-0.377514,0.258889,-0.503739,-0.824122,0.454909,-0.419904,-0.785302,0.292764,-0.949767,-0.110355,0.187384,0.663167,0.724601,-0.664785,-0.539903,0.516282,-0.09122,0.989502,0.112033,0.961028,-0.269112,-0.063143],
    "uvs": [],
    "faces": [32,4,58,0,0,1,2,32,2,58,4,3,1,0,32,6,31,2,4,5,3,32,10,7,8,6,7,8,32,8,11,9,8,9,10,32,12,23,11,11,12,9,32,7,13,8,7,13,8,32,14,13,15,14,13,15,32,13,20,15,13,16,15,32,5,7,10,17,7,6,32,7,5,21,7,17,18,32,5,4,21,17,0,18,32,0,1,24,2,19,20,32,24,25,0,20,21,2,32,26,24,27,22,20,23,32,28,26,27,24,22,23,32,29,27,1,25,23,19,32,23,3,0,12,26,2,32,31,6,33,5,4,27,32,125,100,24,28,29,20,32,5,16,18,17,30,31,32,62,19,34,32,33,34,32,13,7,20,13,7,16,32,36,37,63,35,36,37,32,63,33,6,37,27,4,32,6,5,17,4,17,38,32,17,38,18,38,39,31,32,31,32,2,5,40,3,32,23,94,80,12,41,42,32,34,104,102,34,43,44,32,21,22,15,18,45,15,32,19,10,9,33,6,10,32,12,22,3,11,45,26,32,14,12,8,14,11,8,32,57,60,42,46,47,48,32,65,44,43,49,50,51,32,45,53,52,52,53,54,32,30,59,32,55,56,40,32,55,53,50,57,53,58,32,50,48,55,58,59,57,32,47,32,56,60,40,61,32,24,1,27,20,19,23,32,57,26,28,46,22,24,32,54,29,50,62,25,58,32,56,52,47,61,54,60,32,47,52,49,60,54,63,32,27,66,28,23,64,24,32,43,41,66,51,65,64,32,65,61,54,49,66,62,32,66,54,61,64,62,66,32,58,59,1,1,56,19,32,16,19,64,30,33,67,32,44,45,52,50,52,54,32,40,52,56,68,54,61,32,44,65,45,50,49,52,32,37,39,33,36,69,27,32,80,9,11,42,10,9,32,35,36,63,70,35,37,32,102,35,64,44,70,67,32,73,72,67,71,72,73,32,71,93,73,74,75,71,32,93,74,73,75,76,71,32,76,77,78,77,78,79,32,94,78,80,41,79,42,32,76,81,75,77,80,81,32,82,81,76,82,80,77,32,83,81,82,83,80,82,32,74,84,79,76,84,85,32,84,86,123,84,86,87,32,84,87,79,84,88,85,32,75,89,90,81,89,90,32,79,75,74,85,81,76,32,90,74,75,90,76,81,32,74,90,73,76,90,71,32,72,92,91,72,91,92,32,91,94,72,92,41,72,32,67,100,95,73,29,93,32,96,97,95,94,95,93,32,99,122,97,96,97,95,32,100,23,25,29,12,21,32,67,72,94,73,72,41,32,71,73,68,74,71,98,32,100,125,95,29,28,93,32,74,85,86,76,99,86,32,103,87,126,100,88,101,32,123,37,36,87,36,35,32,77,103,80,78,100,42,32,123,105,93,87,102,75,32,86,105,123,86,102,87,32,93,105,85,75,102,99,32,85,86,105,99,86,102,32,71,101,129,74,103,104,32,104,126,102,43,101,44,32,89,83,90,89,83,90,32,90,92,72,90,91,72,32,83,92,90,83,91,90,32,94,91,78,41,92,79,32,78,91,82,79,92,82,32,82,76,78,82,77,79,32,127,124,43,105,106,51,32,109,107,111,107,108,109,32,108,107,110,110,108,111,32,113,114,106,112,113,114,32,113,110,112,112,111,115,32,127,106,115,105,114,116,32,101,70,99,103,117,96,32,112,110,109,115,111,107,32,116,111,114,118,109,113,32,112,116,114,115,118,113,32,109,116,112,107,118,115,32,95,125,96,93,28,94,32,97,121,98,95,119,120,32,111,107,98,109,108,120,32,111,98,115,109,120,116,32,40,108,113,68,110,112,32,108,40,117,110,68,121,32,99,98,108,96,120,110,32,108,117,99,110,121,96,32,114,115,106,113,116,114,32,97,96,120,95,94,122,32,119,128,120,123,124,122,32,128,41,43,124,65,51,32,121,128,124,119,124,106,32,121,124,127,119,106,105,32,128,119,42,124,123,48,32,118,42,119,125,48,123,32,40,106,44,68,114,50,32,101,117,56,103,121,61,32,106,127,44,114,105,50,32,37,123,39,36,87,69,32,102,126,88,44,101,126,32,129,101,32,104,103,40,32,26,96,125,22,94,28,32,58,1,0,1,19,2,32,58,2,59,1,3,56,32,3,4,0,26,0,2,32,6,2,4,4,3,0,32,5,6,4,17,4,0,32,9,10,8,10,6,8,32,8,12,11,8,11,9,32,13,14,8,13,14,8,32,16,5,10,30,17,6,32,16,63,18,30,37,31,32,19,16,10,33,30,6,32,20,7,21,16,7,18,32,4,3,21,0,26,18,32,59,30,29,56,55,25,32,59,29,1,56,25,19,32,0,25,23,2,21,12,32,24,100,25,20,29,21,32,16,64,63,30,67,37,32,18,17,5,31,38,17,32,17,18,38,38,31,39,32,62,64,19,32,67,33,32,38,63,6,39,37,4,32,38,18,63,39,31,37,32,38,6,17,39,4,38,32,3,23,12,26,12,11,32,32,59,2,40,56,3,32,11,23,80,9,12,42,32,62,34,102,32,34,44,32,34,9,104,34,10,43,32,15,20,21,15,16,18,32,22,14,15,45,14,15,32,22,21,3,45,18,26,32,34,19,9,34,33,10,32,22,12,14,45,11,14,32,61,65,43,66,49,51,32,29,47,46,25,60,127,32,49,48,46,63,59,127,32,46,48,50,127,59,58,32,46,47,49,127,60,63,32,49,52,51,63,54,128,32,45,65,54,52,49,62,32,53,51,52,53,128,54,32,47,30,32,60,55,40,32,49,51,48,63,128,59,32,53,54,50,53,62,58,32,55,51,53,57,128,53,32,55,48,51,57,59,128,32,26,125,24,22,28,20,32,60,57,28,47,46,24,32,57,118,26,46,125,22,32,46,50,29,127,58,25,32,29,30,47,25,55,60,32,54,53,45,62,53,52,32,29,66,27,25,64,23,32,66,41,42,64,65,48,32,28,66,60,24,64,47,32,61,43,66,66,51,64,32,29,54,66,25,